Case no.,Report date,Date of onset,Gender,Age,Name of hospital admitted,Hospitalised/Discharged/Deceased,HK/Non-HK resident,Case classification*,Confirmed/probable
1,23/01/2020,21/01/2020,M,39,Princess Margaret Hospital,Discharged,Non-HK resident,Imported,Confirmed
2,23/01/2020,18/01/2020,M,56,Princess Margaret Hospital,Discharged,HK resident,Imported,Confirmed
3,24/01/2020,20/01/2020,F,62,Princess Margaret Hospital,Discharged,Non-HK resident,Imported,Confirmed
4,24/01/2020,23/01/2020,F,62,Princess Margaret Hospital,Discharged,Non-HK resident,Imported,Confirmed
5,24/01/2020,23/01/2020,M,63,Princess Margaret Hospital,Discharged,Non-HK resident,Imported,Confirmed
6,26/01/2020,21/01/2020,M,47,Princess Margaret Hospital,Discharged,HK resident,Imported,Confirmed
7,26/01/2020,21/01/2020,F,68,Princess Margaret Hospital,Discharged,HK resident,Imported,Confirmed
8,26/01/2020,25/01/2020,M,64,Princess Margaret Hospital,Discharged,Non-HK resident,Imported,Confirmed
9,29/01/2020,25/01/2020,F,73,Princess Margaret Hospital,Discharged,Non-HK resident,Imported,Confirmed
10,29/01/2020,25/01/2020,M,72,Princess Margaret Hospital,Discharged,Non-HK resident,Imported,Confirmed
11,30/01/2020,28/01/2020,F,37,Princess Margaret Hospital,Discharged,HK resident,Close contact of imported case,Confirmed
12,30/01/2020,22/01/2020,M,75,Princess Margaret Hospital,Discharged,HK resident,Possibly local,Confirmed
13,31/01/2020,29/01/2020,M,39,Princess Margaret Hospital,Deceased,HK resident,Imported,Confirmed
14,01/02/2020,23/01/2020,M,80,Princess Margaret Hospital,Discharged,HK resident,Possibly local,Confirmed
15,02/02/2020,01/02/2020,F,72,Princess Margaret Hospital,Discharged,HK resident,Close contact of imported case,Confirmed
16,04/02/2020,23/01/2020,F,64,Princess Margaret Hospital,Discharged,HK resident,Local case,Confirmed
17,04/02/2020,22/01/2020,M,60,Princess Margaret Hospital,Discharged,HK resident,Local case,Confirmed
18,04/02/2020,28/01/2020,M,25,Princess Margaret Hospital,Discharged,HK resident,Local case,Confirmed
19,05/02/2020,30/01/2020,F,28,Princess Margaret Hospital,Discharged,HK resident,Close contact of local case,Confirmed
20,05/02/2020,04/02/2020,F,56,Princess Margaret Hospital,Discharged,HK resident,Close contact of local case,Confirmed
21,05/02/2020,30/01/2020,M,56,Princess Margaret Hospital,Discharged,HK resident,Possibly local,Confirmed
22,06/02/2020,01/02/2020,F,55,Princess Margaret Hospital,Discharged,HK resident,Close contact of possibly local case,Confirmed
23,06/02/2020,26/01/2020,F,63,Pamela Youde Nethersole Eastern Hospital,Discharged,HK resident,Local case,Confirmed
24,06/02/2020,28/01/2020,F,65,Prince of Wales Hospital,Discharged,HK resident,Local case,Confirmed
25,07/02/2020,04/02/2020,M,58,North District Hospital,Discharged,HK resident,Imported,Confirmed
26,07/02/2020,03/02/2020,M,42,Prince of Wales Hospital,Discharged,HK resident,Imported,Confirmed
27,09/02/2020,30/01/2020,M,24,Ruttonjee Hospital,Discharged,HK resident,Possibly local,Confirmed
28,09/02/2020,30/01/2020,M,70,United Christian Hospital,Discharged,HK resident,Local case,Confirmed
29,09/02/2020,01/02/2020,F,91,Pamela Youde Nethersole Eastern Hospital,Hospitalised,HK resident,Close contact of possibly local case,Confirmed
30,09/02/2020,29/01/2020,M,68,Ruttonjee Hospital,Discharged,HK resident,Close contact of possibly local case,Confirmed
31,09/02/2020,28/01/2020,F,57,Ruttonjee Hospital,Discharged,HK resident,Close contact of possibly local case,Confirmed
32,09/02/2020,04/02/2020,M,22,Pamela Youde Nethersole Eastern Hospital,Discharged,HK resident,Close contact of possibly local case,Confirmed
33,09/02/2020,02/02/2020,F,50,Ruttonjee Hospital,Discharged,HK resident,Close contact of possibly local case,Confirmed
34,09/02/2020,30/01/2020,F,25,Pamela Youde Nethersole Eastern Hospital,Discharged,HK resident,Close contact of possibly local case,Confirmed
35,09/02/2020,04/02/2020,F,51,Pamela Youde Nethersole Eastern Hospital,Discharged,HK resident,Close contact of possibly local case,Confirmed
36,09/02/2020,07/02/2020,M,23,Ruttonjee Hospital,Discharged,HK resident,Close contact of possibly local case,Confirmed
37,10/02/2020,30/01/2020,F,55,Prince of Wales Hospital,Discharged,HK resident,Close contact of possibly local case,Confirmed
38,10/02/2020,30/01/2020,M,69,Pamela Youde Nethersole Eastern Hospital,Hospitalised,HK resident,Close contact of local case,Confirmed
39,10/02/2020,30/01/2020,F,63,Pamela Youde Nethersole Eastern Hospital,Discharged,HK resident,Close contact of local case,Confirmed
40,10/02/2020,28/01/2020,F,86,Pamela Youde Nethersole Eastern Hospital,Discharged,HK resident,Local case,Confirmed
41,10/02/2020,08/02/2020,M,52,Pamela Youde Nethersole Eastern Hospital,Discharged,HK resident,Close contact of possibly local case,Confirmed
42,10/02/2020,03/02/2020,F,62,Princess Margaret Hospital,Discharged,HK resident,Close contact of local case,Confirmed
43,11/02/2020,02/02/2020,M,59,Pamela Youde Nethersole Eastern Hospital,Discharged,HK resident,Local case,Confirmed
44,11/02/2020,01/02/2020,F,60,Ruttonjee Hospital,Discharged,HK resident,Close contact of possibly local case,Confirmed
45,11/02/2020,05/02/2020,M,71,United Christian Hospital,Discharged,HK resident,Local case,Confirmed
46,11/02/2020,03/02/2020,M,75,Queen Mary Hospital,Discharged,HK resident,Close contact of local case,Confirmed
47,11/02/2020,31/01/2020,M,66,Tuen Mun Hospital,Discharged,HK resident,Close contact of local case,Confirmed
48,11/02/2020,02/02/2020,F,37,Princess Margaret Hospital,Discharged,HK resident,Close contact of local case,Confirmed
49,11/02/2020,30/01/2020,M,37,Princess Margaret Hospital,Discharged,HK resident,Local case,Confirmed
50,12/02/2020,03/02/2020,M,51,Queen Elizabeth Hospital,Discharged,HK resident,Close contact of possibly local case,Confirmed
51,13/02/2020,29/01/2020,M,43,Tuen Mun Hospital,Discharged,HK resident,Local case,Confirmed
52,13/02/2020,31/01/2020,F,67,Queen Mary Hospital,Discharged,HK resident,Close contact of local case,Confirmed
53,13/02/2020,08/02/2020,M,37,Queen Mary Hospital,Discharged,HK resident,Close contact of local case,Confirmed
54,14/02/2020,03/02/2020,F,41,Pamela Youde Nethersole Eastern Hospital,Discharged,HK resident,Close contact of local case,Confirmed
55,14/02/2020,02/02/2020,M,70,Princess Margaret Hospital,Deceased,HK resident,Possibly local,Confirmed
56,14/02/2020,12/02/2020,F,61,Queen Mary Hospital,Discharged,HK resident,Local case,Confirmed
57,16/02/2020,07/02/2020,M,54,Pamela Youde Nethersole Eastern Hospital,Discharged,HK resident,Close contact of possibly local case,Confirmed
58,17/02/2020,08/02/2020,M,69,Caritas Medical Centre,Discharged,HK resident,Local case,Confirmed
59,17/02/2020,12/02/2020,M,45,Queen Elizabeth Hospital,Discharged,HK resident,Close contact of possibly local case,Confirmed
60,17/02/2020,08/02/2020,F,46,Pamela Youde Nethersole Eastern Hospital,Discharged,HK resident,Close contact of possibly local case,Confirmed
61,18/02/2020,02/02/2020,F,32,Pamela Youde Nethersole Eastern Hospital,Discharged,HK resident,Close contact of local case,Confirmed
62,18/02/2020,11/02/2020,M,58,United Christian Hospital,Discharged,HK resident,Close contact of imported case,Confirmed
63,19/02/2020,14/02/2020,F,83,Tuen Mun Hospital,Hospitalised,HK resident,Close contact of possibly local case,Confirmed
64,19/02/2020,12/02/2020,M,68,Queen Mary Hospital,Discharged,HK resident,Close contact of local case,Confirmed
65,19/02/2020,12/02/2020,F,70,Queen Mary Hospital,Discharged,HK resident,Close contact of local case,Confirmed
66,20/02/2020,25/01/2020,M,75,Tuen Mun Hospital,Discharged,HK resident,Possibly local,Confirmed
67,20/02/2020,10/02/2020,F,38,United Christian Hospital,Discharged,HK resident,Local case,Confirmed
68,20/02/2020,08/02/2020,M,58,North District Hospital,Discharged,HK resident,Local case,Confirmed
69,20/02/2020,18/02/2020,M,48,United Christian Hospital,Discharged,HK resident,Local case,Confirmed
70,22/02/2020,13/02/2020,F,96,Pamela Youde Nethersole Eastern Hospital,Hospitalised,HK resident,Close contact of local case,Confirmed
71,23/02/2020,20/02/2020,M,68,Queen Elizabeth Hospital,Discharged,HK resident,Imported,Confirmed
72,23/02/2020,10/02/2020,M,62,United Christian Hospital,Discharged,HK resident,Local case,Confirmed
73,23/02/2020,08/02/2020,F,80,Pamela Youde Nethersole Eastern Hospital,Discharged,HK resident,Local case,Confirmed
74,23/02/2020,13/02/2020,F,76,Pamela Youde Nethersole Eastern Hospital,Discharged,HK resident,Close contact of local case,Confirmed
75,23/02/2020,19/02/2020,M,35,Tuen Mun Hospital,Discharged,HK resident,Possibly local,Confirmed
76,24/02/2020,08/02/2020,F,57,Ruttonjee Hospital,Discharged,HK resident,Close contact of local case,Confirmed
77,24/02/2020,19/02/2020,F,68,Queen Mary Hospital,Discharged,HK resident,Close contact of local case,Confirmed
78,24/02/2020,24/02/2020,F,59,Queen Mary Hospital,Discharged,HK resident,Imported,Confirmed
79,24/02/2020,04/02/2020,F,58,Queen Mary Hospital,Discharged,HK resident,Imported,Confirmed
80,24/02/2020,Asymptomatic,M,57,Queen Mary Hospital,Discharged,HK resident,Imported,Confirmed
81,24/02/2020,Asymptomatic,F,57,Queen Mary Hospital,Discharged,HK resident,Imported,Confirmed
82,25/02/2020,20/02/2020,M,33,United Christian Hospital,Discharged,HK resident,Close contact of local case,Confirmed
83,25/02/2020,17/02/2020,F,55,Ruttonjee Hospital,Discharged,HK resident,Close contact of local case,Confirmed
84,25/02/2020,Asymptomatic,M,24,Ruttonjee Hospital,Discharged,HK resident,Close contact of local case,Confirmed
85,25/02/2020,12/02/2020,F,60,Queen Mary Hospital,Discharged,HK resident,Local case,Confirmed
86,26/02/2020,18/02/2020,F,49,Pamela Youde Nethersole Eastern Hospital,Discharged,HK resident,Close contact of local case,Confirmed
87,26/02/2020,12/02/2020,F,21,Queen Mary Hospital,Discharged,HK resident,Imported,Confirmed
88,26/02/2020,17/02/2020,M,16,Queen Mary Hospital,Discharged,HK resident,Imported,Confirmed
89,26/02/2020,25/02/2020,M,80,Pamela Youde Nethersole Eastern Hospital,Deceased,HK resident,Close contact of local case,Confirmed
90,26/02/2020,16/02/2020,F,29,Ruttonjee Hospital,Discharged,HK resident,Close contact of local case,Confirmed
91,26/02/2020,20/02/2020,M,26,Ruttonjee Hospital,Discharged,HK resident,Close contact of local case,Confirmed
92,27/02/2020,13/02/2020,F,70,United Christian Hospital,Discharged,HK resident,Close contact of local case,Confirmed
93,27/02/2020,25/02/2020,F,89,Queen Elizabeth Hospital,Discharged,HK resident,Close contact of local case,Confirmed
94,28/02/2020,Asymptomatic,F,61,Queen Mary Hospital,Discharged,HK resident,Imported,Confirmed
95,29/02/2020,29/02/2020,F,46,United Christian Hospital,Discharged,HK resident,Close contact of local case,Confirmed
96,01/03/2020,16/02/2020,F,68,Queen Mary Hospital,Discharged,HK resident,Imported,Confirmed
97,01/03/2020,Asymptomatic,M,56,Queen Mary Hospital,Discharged,HK resident,Imported,Probable
98,01/03/2020,16/02/2020,F,71,United Christian Hospital,Hospitalised,HK resident,Close contact of local case,Confirmed
99,01/03/2020,28/02/2020,F,76,Caritas Medical Centre,Deceased,HK resident,Local case,Confirmed
100,01/03/2020,28/02/2020,M,79,Caritas Medical Centre,Hospitalised,HK resident,Close contact of local case,Confirmed
101,02/03/2020,Asymptomatic,M,63,Pamela Youde Nethersole Eastern Hospital,Discharged,HK resident,Close contact of local case,Confirmed
102,04/03/2020,Asymptomatic,M,43,Pamela Youde Nethersole Eastern Hospital,Hospitalised,HK resident,Close contact of local case,Confirmed
103,04/03/2020,Asymptomatic,F,57,Queen Mary Hospital,Discharged,HK resident,Close contact of local case,Confirmed
104,04/03/2020,Asymptomatic,F,62,Pamela Youde Nethersole Eastern Hospital,Discharged,HK resident,Close contact of local case,Confirmed
105,04/03/2020,23/02/2020,F,69,Ruttonjee Hospital,Discharged,HK resident,Imported,Confirmed
106,06/03/2020,04/03/2020,M,56,Ruttonjee Hospital,Discharged,HK resident,Possibly local,Confirmed
107,06/03/2020,28/02/2020,M,84,Queen Mary Hospital,Discharged,HK resident,Imported,Confirmed
108,06/03/2020,Asymptomatic,M,69,Queen Mary Hospital,Hospitalised,HK resident,Close contact of imported case,Confirmed
109,07/03/2020,Asymptomatic,F,38,Prince of Wales Hospital,Discharged,HK resident,Imported,Confirmed
110,07/03/2020,Asymptomatic,F,73,Queen Mary Hospital,Discharged,HK resident,Imported,Confirmed
111,08/03/2020,23/02/2020,M,76,Queen Mary Hospital,Discharged,HK resident,Imported,Confirmed
112,08/03/2020,Asymptomatic,M,55,Tuen Mun Hospital,Discharged,HK resident,Close contact of local case,Confirmed
113,08/03/2020,Asymptomatic,F,47,Prince of Wales Hospital,Discharged,HK resident,Close contact of local case,Confirmed
114,08/03/2020,06/03/2020,M,41,Queen Elizabeth Hospital,Discharged,HK resident,Possibly local,Confirmed
115,08/03/2020,Asymptomatic,F,59,Queen Elizabeth Hospital,Discharged,HK resident,Imported,Confirmed
116,09/03/2020,07/03/2020,M,44,Ruttonjee Hospital,Hospitalised,HK resident,Close contact of possibly local case,Confirmed
117,10/03/2020,09/03/2020,F,52,Queen Mary Hospital,Discharged,HK resident,Close contact of imported case,Confirmed
118,10/03/2020,04/03/2020,F,48,Queen Mary Hospital,Hospitalised,HK resident,Close contact of imported case,Confirmed
119,10/03/2020,07/03/2020,M,59,Alice Ho Miu Ling Nethersole Hospital,Hospitalised,HK resident,Imported,Confirmed
120,10/03/2020,07/03/2020,M,59,Tuen Mun Hospital,Hospitalised,HK resident,Imported,Confirmed
121,10/03/2020,07/03/2020,F,59,Tuen Mun Hospital,Hospitalised,HK resident,Imported,Confirmed
122,11/03/2020,06/03/2020,F,22,Prince of Wales Hospital,Hospitalised,HK resident,Imported,Confirmed
123,11/03/2020,08/03/2020,M,57,Pamela Youde Nethersole Eastern Hospital,Hospitalised,HK resident,Imported,Confirmed
124,11/03/2020,06/03/2020,F,59,Alice Ho Miu Ling Nethersole Hospital,Hospitalised,HK resident,Imported,Confirmed
125,11/03/2020,10/03/2020,M,23,United Christian Hospital,Hospitalised,HK resident,Imported,Confirmed
126,11/03/2020,10/03/2020,M,63,United Christian Hospital,Hospitalised,HK resident,Imported,Confirmed
127,11/03/2020,10/03/2020,F,63,United Christian Hospital,Hospitalised,HK resident,Imported,Confirmed
128,11/03/2020,08/03/2020,F,36,Caritas Medical Centre,Discharged,HK resident,Close contact of local case,Confirmed
129,11/03/2020,08/03/2020,F,52,Yan Chai Hospital,Hospitalised,HK resident,Imported,Confirmed
130,11/03/2020,03/03/2020,F,31,Princess Margaret Hospital,Hospitalised,HK resident,Imported,Confirmed
131,12/03/2020,03/03/2020,M,37,Princess Margaret Hospital,Hospitalised,HK resident,Imported,Confirmed
132,12/03/2020,08/03/2020,M,31,Tuen Mun Hospital,Hospitalised,HK resident,Imported,Confirmed
133,13/03/2020,12/03/2020,M,1,Princess Margaret Hospital,Hospitalised,HK resident,Imported,Confirmed
134,13/03/2020,10/03/2020,M,67,Prince of Wales Hospital,Hospitalised,HK resident,Possibly local,Confirmed
135,13/03/2020,08/03/2020,F,30,Queen Mary Hospital,Discharged,HK resident,Possibly local,Confirmed
136,13/03/2020,07/03/2020,M,61,Pamela Youde Nethersole Eastern Hospital,Hospitalised,HK resident,Imported,Confirmed
137,13/03/2020,06/03/2020,F,54,Pamela Youde Nethersole Eastern Hospital,Hospitalised,HK resident,Imported,Confirmed
138,13/03/2020,Asymptomatic,M,66,Princess Margaret Hospital,Discharged,HK resident,Close contact of imported case,Confirmed
139,14/03/2020,12/03/2020,F,39,Ruttonjee Hospital,Hospitalised,HK resident,Imported,Confirmed
140,14/03/2020,10/03/2020,M,59,Prince of Wales Hospital,Hospitalised,HK resident,Local case,Confirmed
141,14/03/2020,12/03/2020,F,28,United Christian Hospital,Hospitalised,HK resident,Imported,Confirmed
142,14/03/2020,02/03/2020,M,59,Princess Margaret Hospital,Hospitalised,HK resident,Imported,Confirmed
143,15/03/2020,11/03/2020,M,35,North District Hospital,Hospitalised,HK resident,Imported,Confirmed
144,15/03/2020,11/03/2020,M,29,Ruttonjee Hospital,Discharged,HK resident,Imported,Confirmed
145,15/03/2020,10/03/2020,M,37,Tseung Kwan O Hospital,Hospitalised,HK resident,Imported,Confirmed
146,15/03/2020,13/03/2020,M,39,Queen Mary Hospital,Hospitalised,HK resident,Imported,Confirmed
147,15/03/2020,10/03/2020,F,61,Ruttonjee Hospital,Hospitalised,HK resident,Imported,Confirmed
148,15/03/2020,10/03/2020,M,58,Ruttonjee Hospital,Hospitalised,HK resident,Imported,Confirmed
149,15/03/2020,14/03/2020,M,32,Queen Mary Hospital,Hospitalised,HK resident,Possibly local,Confirmed
150,16/03/2020,13/03/2020,M,37,Queen Elizabeth Hospital,Hospitalised,HK resident,Imported,Confirmed
151,16/03/2020,08/03/2020,M,30,Queen Elizabeth Hospital,Hospitalised,Non-HK resident,Imported,Confirmed
152,16/03/2020,13/03/2020,M,73,Tuen Mun Hospital,Hospitalised,HK resident,Imported,Confirmed
153,16/03/2020,15/03/2020,F,26,Prince of Wales Hospital,Hospitalised,HK resident,Imported,Confirmed
154,16/03/2020,11/03/2020,F,42,Queen Elizabeth Hospital,Hospitalised,HK resident,Possibly local,Confirmed
155,16/03/2020,15/03/2020,M,58,North District Hospital,Hospitalised,HK resident,Close contact of imported case,Confirmed
156,16/03/2020,09/03/2020,M,59,Queen Mary Hospital,Hospitalised,HK resident,Imported,Confirmed
157,16/03/2020,15/03/2020,F,42,Pamela Youde Nethersole Eastern Hospital,Hospitalised,HK resident,Imported,Confirmed
158,16/03/2020,Asymptomatic,F,41,Pamela Youde Nethersole Eastern Hospital,Hospitalised,HK resident,Imported,Confirmed
159,17/03/2020,15/03/2020,M,69,Queen Elizabeth Hospital,Hospitalised,HK resident,Possibly local,Confirmed
160,17/03/2020,09/03/2020,F,18,Pamela Youde Nethersole Eastern Hospital,Hospitalised,HK resident,Imported,Confirmed
161,17/03/2020,12/03/2020,F,37,United Christian Hospital,Hospitalised,HK resident,Imported,Confirmed
162,17/03/2020,12/03/2020,M,36,Queen Elizabeth Hospital,Hospitalised,HK resident,Close contact of imported case,Confirmed
163,17/03/2020,10/03/2020,F,30,Queen Mary Hospital,Discharged,HK resident,Possibly local,Confirmed
164,17/03/2020,10/03/2020,M,21,Queen Elizabeth Hospital,Hospitalised,HK resident,Imported,Confirmed
165,17/03/2020,05/03/2020,M,24,Princess Margaret Hospital,Hospitalised,HK resident,Imported,Confirmed
166,17/03/2020,10/03/2020,M,27,Princess Margaret Hospital,Hospitalised,HK resident,Imported,Confirmed
167,17/03/2020,Asymptomatic,M,25,United Christian Hospital,Hospitalised,HK resident,Close contact of imported case,Confirmed
168,17/03/2020,09/03/2020,M,43,Prince of Wales Hospital,Hospitalised,HK resident,Imported,Confirmed
169,18/03/2020,16/03/2020,M,34,Ruttonjee Hospital,Hospitalised,HK resident,Possibly local,Confirmed
170,18/03/2020,14/03/2020,M,36,Pamela Youde Nethersole Eastern Hospital,Discharged,HK resident,Possibly local,Confirmed
171,18/03/2020,17/03/2020,M,27,Prince of Wales Hospital,Hospitalised,HK resident,Possibly local,Confirmed
172,18/03/2020,15/03/2020,M,28,Alice Ho Miu Ling Nethersole Hospital,Hospitalised,HK resident,Imported,Confirmed
173,18/03/2020,17/03/2020,M,55,Queen Elizabeth Hospital,Hospitalised,HK resident,Possibly local,Confirmed
174,18/03/2020,09/03/2020,M,31,Queen Elizabeth Hospital,Discharged,HK resident,Imported,Confirmed
175,18/03/2020,13/03/2020,M,29,United Christian Hospital,Hospitalised,HK resident,Imported,Confirmed
176,18/03/2020,15/03/2020,F,29,United Christian Hospital,Hospitalised,HK resident,Imported,Confirmed
177,18/03/2020,16/03/2020,F,28,Queen Mary Hospital,Discharged,Non-HK resident,Imported,Confirmed
178,18/03/2020,16/03/2020,M,29,Queen Mary Hospital,Hospitalised,HK resident,Imported,Confirmed
179,18/03/2020,16/03/2020,M,63,Queen Mary Hospital,Hospitalised,HK resident,Possibly local,Confirmed
180,18/03/2020,16/03/2020,M,38,Tseung Kwan O Hospital,Hospitalised,HK resident,Imported,Confirmed
181,18/03/2020,15/03/2020,F,63,Princess Margaret Hospital,Hospitalised,HK resident,Imported,Confirmed
182,18/03/2020,11/03/2020,F,50,United Christian Hospital,Hospitalised,HK resident,Close contact of local case,Confirmed
183,18/03/2020,12/03/2020,F,24,Yan Chai Hospital,Hospitalised,HK resident,Possibly local,Confirmed
184,18/03/2020,12/03/2020,F,64,Alice Ho Miu Ling Nethersole Hospital,Hospitalised,HK resident,Possibly local,Confirmed
185,18/03/2020,12/03/2020,M,23,Ruttonjee Hospital,Discharged,HK resident,Imported,Confirmed
186,18/03/2020,02/03/2020,F,46,Ruttonjee Hospital,Hospitalised,HK resident,Possibly local,Confirmed
187,18/03/2020,09/03/2020,F,20,Princess Margaret Hospital,Hospitalised,HK resident,Imported,Confirmed
188,18/03/2020,11/03/2020,M,16,Princess Margaret Hospital,Hospitalised,HK resident,Imported,Confirmed
189,18/03/2020,12/03/2020,M,49,Princess Margaret Hospital,Hospitalised,HK resident,Imported,Confirmed
190,18/03/2020,17/03/2020,M,12,Caritas Medical Centre,Hospitalised,HK resident,Imported,Confirmed
191,18/03/2020,16/03/2020,F,34,Prince of Wales Hospital,Hospitalised,HK resident,Close contact of possibly local case,Confirmed
192,18/03/2020,11/03/2020,F,46,Queen Elizabeth Hospital,Hospitalised,HK resident,Local case,Confirmed
193,18/03/2020,11/03/2020,F,33,United Christian Hospital,Hospitalised,HK resident,Possibly local,Confirmed
194,19/03/2020,15/03/2020,M,44,Princess Margaret Hospital,Hospitalised,HK resident,Possibly local,Confirmed
195,19/03/2020,17/03/2020,M,29,Kwong Wah Hospital,Hospitalised,HK resident,Close contact of local case,Confirmed
196,19/03/2020,13/03/2020,F,48,Princess Margaret Hospital,Hospitalised,HK resident,Possibly local,Confirmed
197,19/03/2020,10/03/2020,F,19,Princess Margaret Hospital,Hospitalised,HK resident,Imported,Confirmed
198,19/03/2020,18/03/2020,M,21,Tseung Kwan O Hospital,Hospitalised,HK resident,Imported,Confirmed
199,19/03/2020,16/03/2020,M,29,Queen Elizabeth Hospital,Hospitalised,HK resident,Close contact of local case,Confirmed
200,19/03/2020,16/03/2020,M,22,Queen Elizabeth Hospital,Discharged,HK resident,Imported,Confirmed
201,19/03/2020,18/03/2020,M,35,Tuen Mun Hospital,Hospitalised,HK resident,Possibly local,Confirmed
202,19/03/2020,14/03/2020,F,19,North District Hospital,Hospitalised,HK resident,Imported,Confirmed
203,19/03/2020,18/03/2020,M,29,Queen Mary Hospital,Hospitalised,HK resident,Imported,Confirmed
204,19/03/2020,18/03/2020,F,43,Prince of Wales Hospital,Hospitalised,HK resident,Imported,Confirmed
205,19/03/2020,16/03/2020,M,35,Tseung Kwan O Hospital,Hospitalised,HK resident,Imported,Confirmed
206,19/03/2020,13/03/2020,M,40,Queen Mary Hospital,Hospitalised,HK resident,Imported,Confirmed
207,19/03/2020,16/03/2020,F,32,Queen Mary Hospital,Hospitalised,HK resident,Imported,Confirmed
208,19/03/2020,18/03/2020,M,44,Queen Mary Hospital,Hospitalised,HK resident,Close contact of possibly local case,Confirmed
209,19/03/2020,12/03/2020,M,51,Queen Mary Hospital,Hospitalised,HK resident,Imported,Confirmed
210,20/03/2020,12/03/2020,M,46,Queen Elizabeth Hospital,Hospitalised,HK resident,Possibly local,Confirmed
211,20/03/2020,14/03/2020,F,33,Tuen Mun Hospital,Hospitalised,Unknown,Imported,Confirmed
212,20/03/2020,16/03/2020,F,44,Princess Margaret Hospital,Hospitalised,HK resident,Imported,Confirmed
213,20/03/2020,Asymptomatic,F,4,United Christian Hospital,Hospitalised,HK resident,Close contact of possibly local case,Confirmed
214,20/03/2020,17/03/2020,M,41,Tuen Mun Hospital,Hospitalised,HK resident,Imported,Confirmed
215,20/03/2020,Asymptomatic,M,61,Prince of Wales Hospital,Hospitalised,HK resident,Imported,Confirmed
216,20/03/2020,12/03/2020,M,21,Pamela Youde Nethersole Eastern Hospital,Hospitalised,HK resident,Imported,Confirmed
217,20/03/2020,13/03/2020,M,35,Pamela Youde Nethersole Eastern Hospital,Hospitalised,HK resident,Close contact of possibly local case,Confirmed
218,20/03/2020,18/03/2020,M,54,Princess Margaret Hospital,Hospitalised,HK resident,Imported,Confirmed
219,20/03/2020,16/03/2020,F,13,Princess Margaret Hospital,Hospitalised,HK resident,Imported,Confirmed
220,20/03/2020,11/03/2020,M,57,Princess Margaret Hospital,Hospitalised,HK resident,Possibly local,Confirmed
221,20/03/2020,16/03/2020,M,62,Caritas Medical Centre,Hospitalised,HK resident,Local case,Confirmed
222,20/03/2020,18/03/2020,F,31,Caritas Medical Centre,Hospitalised,HK resident,Close contact of imported case,Confirmed
223,20/03/2020,18/03/2020,F,31,Queen Mary Hospital,Hospitalised,HK resident,Imported,Confirmed
224,20/03/2020,09/03/2020,M,38,Alice Ho Miu Ling Nethersole Hospital,Hospitalised,HK resident,Possibly local,Confirmed
225,20/03/2020,17/03/2020,M,61,United Christian Hospital,Hospitalised,HK resident,Possibly local,Confirmed
226,20/03/2020,19/03/2020,M,17,Prince of Wales Hospital,Hospitalised,HK resident,Imported,Confirmed
227,20/03/2020,17/03/2020,M,28,Queen Elizabeth Hospital,Hospitalised,HK resident,Close contact of local case,Confirmed
228,20/03/2020,18/03/2020,M,50,United Christian Hospital,Hospitalised,HK resident,Close contact of possibly local case,Confirmed
229,20/03/2020,16/03/2020,M,40,Tuen Mun Hospital,Hospitalised,HK resident,Close contact of possibly local case,Confirmed
230,20/03/2020,16/03/2020,F,23,Prince of Wales Hospital,Hospitalised,HK resident,Imported,Confirmed
231,20/03/2020,19/03/2020,F,24,Tuen Mun Hospital,Hospitalised,HK resident,Possibly local,Confirmed
232,20/03/2020,18/03/2020,F,16,Alice Ho Miu Ling Nethersole Hospital,Hospitalised,HK resident,Imported,Confirmed
233,20/03/2020,18/03/2020,M,31,Princess Margaret Hospital,Hospitalised,HK resident,Close contact of possibly local case,Confirmed
234,20/03/2020,17/03/2020,F,52,Queen Mary Hospital,Hospitalised,HK resident,Possibly local,Confirmed
235,20/03/2020,17/03/2020,M,18,Queen Mary Hospital,Hospitalised,HK resident,Imported,Confirmed
236,20/03/2020,18/03/2020,M,32,Ruttonjee Hospital,Hospitalised,HK resident,Possibly local,Confirmed
237,20/03/2020,18/03/2020,F,29,Pamela Youde Nethersole Eastern Hospital,Hospitalised,HK resident,Close contact of possibly local case,Confirmed
238,20/03/2020,18/03/2020,F,69,Pamela Youde Nethersole Eastern Hospital,Hospitalised,HK resident,Imported,Confirmed
239,20/03/2020,09/03/2020,M,50,Prince of Wales Hospital,Hospitalised,HK resident,Possibly local,Confirmed
240,20/03/2020,11/03/2020,F,33,Prince of Wales Hospital,Hospitalised,HK resident,Imported,Confirmed
241,20/03/2020,15/03/2020,M,60,United Christian Hospital,Hospitalised,Non-HK resident,Imported,Confirmed
242,20/03/2020,15/03/2020,F,61,Queen Elizabeth Hospital,Hospitalised,HK resident,Imported,Confirmed
243,20/03/2020,13/03/2020,F,25,Queen Elizabeth Hospital,Hospitalised,HK resident,Close contact of imported case,Confirmed
244,20/03/2020,19/03/2020,F,36,Tuen Mun Hospital,Hospitalised,HK resident,Possibly local,Confirmed
245,20/03/2020,09/03/2020,M,46,Queen Mary Hospital,Hospitalised,HK resident,Imported,Confirmed
246,20/03/2020,16/03/2020,M,58,Ruttonjee Hospital,Hospitalised,HK resident,Imported,Confirmed
247,20/03/2020,09/03/2020,F,34,Pamela Youde Nethersole Eastern Hospital,Hospitalised,HK resident,Imported,Confirmed
248,20/03/2020,14/03/2020,M,33,Ruttonjee Hospital,Discharged,HK resident,Local case,Confirmed
249,20/03/2020,19/03/2020,M,19,Pamela Youde Nethersole Eastern Hospital,Hospitalised,HK resident,Imported,Confirmed
250,20/03/2020,16/03/2020,F,27,Pamela Youde Nethersole Eastern Hospital,Hospitalised,HK resident,Close contact of possibly local case,Confirmed
251,20/03/2020,16/03/2020,M,38,Queen Mary Hospital,Hospitalised,Non-HK resident,Possibly local,Confirmed
252,20/03/2020,18/03/2020,M,23,Prince of Wales Hospital,Hospitalised,HK resident,Imported,Confirmed
253,20/03/2020,17/03/2020,F,31,Prince of Wales Hospital,Hospitalised,HK resident,Close contact of possibly local case,Confirmed
254,20/03/2020,19/03/2020,F,27,Prince of Wales Hospital,Hospitalised,HK resident,Imported,Confirmed
255,20/03/2020,19/03/2020,F,22,Tuen Mun Hospital,Hospitalised,HK resident,Imported,Confirmed
256,20/03/2020,17/03/2020,F,30,Tseung Kwan O Hospital,Hospitalised,HK resident,Imported,Confirmed
257,20/03/2020,18/03/2020,M,18,Tseung Kwan O Hospital,Hospitalised,HK resident,Imported,Confirmed
258,21/03/2020,18/03/2020,F,58,Tuen Mun Hospital,Hospitalised,HK resident,Close contact of possibly local case,Confirmed
259,21/03/2020,15/03/2020,F,35,Tuen Mun Hospital,Hospitalised,HK resident,Close contact of possibly local case,Confirmed
260,21/03/2020,19/03/2020,M,43,Princess Margaret Hospital,Hospitalised,HK resident,Imported,Confirmed
261,21/03/2020,16/03/2020,F,61,United Christian Hospital,Hospitalised,HK resident,Imported,Confirmed
262,21/03/2020,13/03/2020,F,70,United Christian Hospital,Hospitalised,HK resident,Imported,Confirmed
263,21/03/2020,15/03/2020,F,50,Tuen Mun Hospital,Discharged,HK resident,Local case,Confirmed
264,21/03/2020,17/03/2020,M,28,Pamela Youde Nethersole Eastern Hospital,Hospitalised,HK resident,Imported,Confirmed
265,21/03/2020,Asymptomatic,F,20,Pamela Youde Nethersole Eastern Hospital,Hospitalised,HK resident,Imported,Confirmed
266,21/03/2020,17/03/2020,M,48,Queen Elizabeth Hospital,Hospitalised,HK resident,Local case,Confirmed
267,21/03/2020,13/03/2020,F,30,United Christian Hospital,Hospitalised,HK resident,Imported,Confirmed
268,21/03/2020,14/03/2020,F,60,Pamela Youde Nethersole Eastern Hospital,Hospitalised,HK resident,Imported,Confirmed
269,21/03/2020,19/03/2020,F,15,Pamela Youde Nethersole Eastern Hospital,Hospitalised,HK resident,Imported,Confirmed
270,21/03/2020,17/03/2020,F,35,Princess Margaret Hospital,Hospitalised,HK resident,Possibly local,Confirmed
271,21/03/2020,18/03/2020,F,51,Princess Margaret Hospital,Hospitalised,HK resident,Possibly local,Confirmed
272,21/03/2020,18/03/2020,M,11,Princess Margaret Hospital,Hospitalised,HK resident,Possibly local,Confirmed
273,21/03/2020,06/03/2020,M,36,Queen Elizabeth Hospital,Hospitalised,Unknown,Possibly local,Confirmed
274,21/03/2020,18/03/2020,F,36,United Christian Hospital,Hospitalised,HK resident,Imported,Confirmed
275,22/03/2020,18/03/2020,M,30,Kwong Wah Hospital,Hospitalised,HK resident,Local case,Confirmed
276,22/03/2020,17/03/2020,M,29,Caritas Medical Centre,Hospitalised,HK resident,Close contact of local case,Confirmed
277,22/03/2020,15/03/2020,F,27,Prince of Wales Hospital,Hospitalised,HK resident,Close contact of possibly local case,Confirmed
278,22/03/2020,18/03/2020,M,28,Tuen Mun Hospital,Hospitalised,HK resident,Local case,Confirmed
279,22/03/2020,16/03/2020,M,30,Tuen Mun Hospital,Hospitalised,HK resident,Imported,Confirmed
280,22/03/2020,16/03/2020,M,20,Caritas Medical Centre,Hospitalised,HK resident,Imported,Confirmed
281,22/03/2020,19/03/2020,M,33,Caritas Medical Centre,Hospitalised,Non-HK resident,Imported,Confirmed
282,22/03/2020,17/03/2020,F,39,Princess Margaret Hospital,Hospitalised,HK resident,Possibly local,Confirmed
283,22/03/2020,16/03/2020,F,20,North District Hospital,Hospitalised,Non-HK resident,Imported,Confirmed
284,22/03/2020,17/03/2020,F,26,Tuen Mun Hospital,Hospitalised,HK resident,Local case,Confirmed
285,22/03/2020,20/03/2020,M,41,United Christian Hospital,Hospitalised,HK resident,Close contact of imported case,Confirmed
286,22/03/2020,Asymptomatic,M,37,United Christian Hospital,Hospitalised,HK resident,Imported,Confirmed
287,22/03/2020,Asymptomatic,M,31,United Christian Hospital,Hospitalised,HK resident,Close contact of possibly local case,Confirmed
288,22/03/2020,14/03/2020,M,20,United Christian Hospital,Hospitalised,HK resident,Imported,Confirmed
289,22/03/2020,16/03/2020,F,20,Queen Mary Hospital,Discharged,HK resident,Imported,Confirmed
290,22/03/2020,19/03/2020,F,18,Pamela Youde Nethersole Eastern Hospital,Hospitalised,HK resident,Imported,Confirmed
291,22/03/2020,18/03/2020,M,32,Pamela Youde Nethersole Eastern Hospital,Hospitalised,HK resident,Close contact of local case,Confirmed
292,22/03/2020,19/03/2020,M,17,Pamela Youde Nethersole Eastern Hospital,Hospitalised,HK resident,Imported,Confirmed
293,22/03/2020,19/03/2020,M,36,Pamela Youde Nethersole Eastern Hospital,Hospitalised,HK resident,Possibly local,Confirmed
294,22/03/2020,16/03/2020,M,30,Tuen Mun Hospital,Hospitalised,HK resident,Imported,Confirmed
295,22/03/2020,17/03/2020,M,31,Tuen Mun Hospital,Hospitalised,HK resident,Close contact of possibly local case,Confirmed
296,22/03/2020,03/03/2020,M,24,United Christian Hospital,Hospitalised,HK resident,Imported,Confirmed
297,22/03/2020,12/03/2020,F,18,United Christian Hospital,Hospitalised,HK resident,Imported,Confirmed
298,22/03/2020,20/03/2020,F,1,Alice Ho Miu Ling Nethersole Hospital,Hospitalised,HK resident,Close contact of imported case,Confirmed
299,22/03/2020,14/03/2020,M,40,Queen Elizabeth Hospital,Hospitalised,HK resident,Possibly local,Confirmed
300,22/03/2020,20/03/2020,M,36,Queen Elizabeth Hospital,Hospitalised,HK resident,Imported,Confirmed
301,22/03/2020,14/03/2020,F,72,Prince of Wales Hospital,Hospitalised,HK resident,Imported,Confirmed
302,22/03/2020,20/03/2020,M,19,Prince of Wales Hospital,Hospitalised,HK resident,Imported,Confirmed
303,22/03/2020,20/03/2020,F,1,Pamela Youde Nethersole Eastern Hospital,Hospitalised,HK resident,Close contact of possibly local case,Confirmed
304,22/03/2020,18/03/2020,M,69,Pamela Youde Nethersole Eastern Hospital,Hospitalised,HK resident,Close contact of possibly local case,Confirmed
305,22/03/2020,15/03/2020,F,26,Alice Ho Miu Ling Nethersole Hospital,Hospitalised,HK resident,Imported,Confirmed
306,22/03/2020,03/03/2020,M,64,Tuen Mun Hospital,Hospitalised,HK resident,Imported,Confirmed
307,22/03/2020,17/03/2020,F,31,Alice Ho Miu Ling Nethersole Hospital,Hospitalised,HK resident,Possibly local,Confirmed
308,22/03/2020,19/03/2020,M,39,United Christian Hospital,Hospitalised,HK resident,Possibly local,Confirmed
309,22/03/2020,15/03/2020,M,56,Ruttonjee Hospital,Hospitalised,HK resident,Imported,Confirmed
310,22/03/2020,19/03/2020,F,33,Queen Mary Hospital,Hospitalised,HK resident,Possibly local,Confirmed
311,22/03/2020,19/03/2020,F,16,Queen Elizabeth Hospital,Hospitalised,HK resident,Close contact of possibly local case,Confirmed
312,22/03/2020,16/03/2020,F,56,Princess Margaret Hospital,Hospitalised,HK resident,Local case,Confirmed
313,22/03/2020,18/03/2020,F,29,Caritas Medical Centre,Hospitalised,HK resident,Imported,Confirmed
314,22/03/2020,20/03/2020,M,28,Caritas Medical Centre,Hospitalised,HK resident,Close contact of local case,Confirmed
315,22/03/2020,20/03/2020,M,45,Yan Chai Hospital,Hospitalised,HK resident,Close contact of possibly local case,Confirmed
316,22/03/2020,16/03/2020,M,29,Queen Mary Hospital,Hospitalised,HK resident,Possibly local,Confirmed
317,22/03/2020,16/03/2020,M,24,Prince of Wales Hospital,Hospitalised,HK resident,Imported,Confirmed
318,22/03/2020,16/03/2020,M,41,Princess Margaret Hospital,Hospitalised,HK resident,Possibly local,Confirmed
319,23/03/2020,20/03/2020,F,25,Queen Mary Hospital,Hospitalised,HK resident,Close contact of local case,Confirmed
320,23/03/2020,19/03/2020,F,20,United Christian Hospital,Hospitalised,HK resident,Imported,Confirmed
321,23/03/2020,20/03/2020,F,57,United Christian Hospital,Hospitalised,Non-HK resident,Imported,Confirmed
322,23/03/2020,21/03/2020,F,61,Queen Elizabeth Hospital,Hospitalised,HK resident,Close contact of local case,Confirmed
323,23/03/2020,20/03/2020,F,20,Queen Elizabeth Hospital,Hospitalised,HK resident,Imported,Confirmed
324,23/03/2020,19/03/2020,M,36,Queen Elizabeth Hospital,Hospitalised,HK resident,Imported,Confirmed
325,23/03/2020,20/03/2020,M,34,Queen Mary Hospital,Hospitalised,HK resident,Possibly local,Confirmed
326,23/03/2020,21/03/2020,M,48,Queen Mary Hospital,Hospitalised,HK resident,Possibly local,Confirmed
327,23/03/2020,20/03/2020,F,51,Queen Mary Hospital,Hospitalised,HK resident,Close contact of imported case,Confirmed
328,23/03/2020,16/03/2020,F,47,North District Hospital,Hospitalised,HK resident,Possibly local,Confirmed
329,23/03/2020,17/03/2020,M,21,Queen Elizabeth Hospital,Hospitalised,HK resident,Imported,Confirmed
330,23/03/2020,19/03/2020,M,30,Alice Ho Miu Ling Nethersole Hospital,Hospitalised,HK resident,Imported,Confirmed
331,23/03/2020,17/03/2020,F,21,United Christian Hospital,Hospitalised,HK resident,Imported,Confirmed
332,23/03/2020,Asymptomatic,M,32,Alice Ho Miu Ling Nethersole Hospital,Hospitalised,HK resident,Possibly local,Confirmed
333,23/03/2020,22/03/2020,M,56,Alice Ho Miu Ling Nethersole Hospital,Hospitalised,HK resident,Imported,Confirmed
334,23/03/2020,Asymptomatic,M,18,Alice Ho Miu Ling Nethersole Hospital,Hospitalised,HK resident,Imported,Confirmed
335,23/03/2020,15/03/2020,F,19,Queen Elizabeth Hospital,Hospitalised,HK resident,Imported,Confirmed
336,23/03/2020,18/03/2020,F,43,Queen Elizabeth Hospital,Hospitalised,HK resident,Imported,Confirmed
337,23/03/2020,13/03/2020,M,66,Princess Margaret Hospital,Hospitalised,HK resident,Close contact of possibly local case,Confirmed
338,23/03/2020,11/03/2020,M,62,Princess Margaret Hospital,Hospitalised,HK resident,Possibly local,Confirmed
339,23/03/2020,20/03/2020,M,32,Alice Ho Miu Ling Nethersole Hospital,Hospitalised,HK resident,Local case,Confirmed
340,23/03/2020,19/03/2020,F,39,United Christian Hospital,Hospitalised,HK resident,Possibly local,Confirmed
341,23/03/2020,19/03/2020,M,54,Queen Elizabeth Hospital,Hospitalised,HK resident,Possibly local,Confirmed
342,23/03/2020,Asymptomatic,M,41,Queen Elizabeth Hospital,Hospitalised,HK resident,Close contact of local case,Confirmed
343,23/03/2020,21/03/2020,M,39,United Christian Hospital,Hospitalised,HK resident,Close contact of local case,Confirmed
344,23/03/2020,Asymptomatic,M,23,Tseung Kwan O Hospital,Hospitalised,HK resident,Imported,Confirmed
345,23/03/2020,13/03/2020,F,37,Ruttonjee Hospital,Hospitalised,HK resident,Possibly local,Confirmed
346,23/03/2020,11/03/2020,M,30,Ruttonjee Hospital,Hospitalised,HK resident,Imported,Confirmed
347,23/03/2020,22/03/2020,F,54,Prince of Wales Hospital,Hospitalised,HK resident,Local case,Confirmed
348,23/03/2020,20/03/2020,F,66,Pamela Youde Nethersole Eastern Hospital,Hospitalised,HK resident,Possibly local,Confirmed
349,23/03/2020,19/03/2020,M,26,Prince of Wales Hospital,Hospitalised,HK resident,Close contact of imported case,Confirmed
350,23/03/2020,18/03/2020,F,57,Queen Mary Hospital,Hospitalised,HK resident,Imported,Confirmed
351,23/03/2020,14/03/2020,M,58,Queen Mary Hospital,Hospitalised,HK resident,Imported,Confirmed
352,23/03/2020,20/03/2020,M,43,Tseung Kwan O Hospital,Hospitalised,HK resident,Imported,Confirmed
353,23/03/2020,21/03/2020,F,33,United Christian Hospital,Hospitalised,HK resident,Imported,Confirmed
354,23/03/2020,18/03/2020,M,50,Ruttonjee Hospital,Hospitalised,HK resident,Imported,Confirmed
355,23/03/2020,19/03/2020,M,25,Prince of Wales Hospital,Hospitalised,HK resident,Imported,Confirmed
356,23/03/2020,21/03/2020,M,18,Tuen Mun Hospital,Hospitalised,HK resident,Imported,Confirmed
357,23/03/2020,21/03/2020,F,18,Queen Elizabeth Hospital,Hospitalised,HK resident,Imported,Confirmed
358,24/03/2020,22/03/2020,M,41,Pamela Youde Nethersole Eastern Hospital,Hospitalised,HK resident,Possibly local,Confirmed
359,24/03/2020,21/03/2020,M,61,Queen Elizabeth Hospital,Hospitalised,HK resident,Close contact of local case,Confirmed
360,24/03/2020,22/03/2020,F,30,Queen Mary Hospital,Hospitalised,HK resident,Close contact of local case,Confirmed
361,24/03/2020,16/03/2020,F,38,Queen Mary Hospital,Hospitalised,HK resident,Imported,Confirmed
362,24/03/2020,Asymptomatic,F,34,Queen Mary Hospital,Hospitalised,HK resident,Close contact of local case,Confirmed
363,24/03/2020,20/03/2020,M,52,Queen Mary Hospital,Hospitalised,HK resident,Possibly local,Confirmed
364,24/03/2020,14/03/2020,M,21,Queen Mary Hospital,Hospitalised,HK resident,Imported,Confirmed
365,24/03/2020,11/03/2020,M,44,North District Hospital,Hospitalised,HK resident,Imported,Confirmed
366,24/03/2020,Asymptomatic,M,42,Prince of Wales Hospital,Hospitalised,HK resident,Possibly local,Confirmed
367,24/03/2020,22/03/2020,M,38,Queen Mary Hospital,Hospitalised,HK resident,Close contact of local case,Confirmed
368,24/03/2020,17/03/2020,F,32,Queen Mary Hospital,Hospitalised,HK resident,Imported,Confirmed
369,24/03/2020,19/03/2020,M,36,Queen Mary Hospital,Hospitalised,HK resident,Imported,Confirmed
370,24/03/2020,19/03/2020,F,26,Queen Mary Hospital,Hospitalised,HK resident,Imported,Confirmed
371,24/03/2020,15/03/2020,M,66,Princess Margaret Hospital,Hospitalised,HK resident,Possibly local,Confirmed
372,24/03/2020,20/03/2020,M,54,Kwong Wah Hospital,Hospitalised,HK resident,Close contact of local case,Confirmed
373,24/03/2020,20/03/2020,M,33,Queen Elizabeth Hospital,Hospitalised,HK resident,Close contact of possibly local case,Confirmed
374,24/03/2020,19/03/2020,F,60,Queen Mary Hospital,Discharged,HK resident,Imported,Confirmed
375,24/03/2020,Asymptomatic,M,39,Queen Elizabeth Hospital,Hospitalised,HK resident,Close contact of possibly local case,Confirmed
376,24/03/2020,20/03/2020,F,40,North District Hospital,Hospitalised,HK resident,Imported,Confirmed
377,24/03/2020,19/03/2020,M,40,Alice Ho Miu Ling Nethersole Hospital,Hospitalised,HK resident,Local case,Confirmed
378,24/03/2020,21/03/2020,F,36,Pamela Youde Nethersole Eastern Hospital,Hospitalised,HK resident,Close contact of possibly local case,Confirmed
379,24/03/2020,20/03/2020,M,47,Queen Elizabeth Hospital,Hospitalised,HK resident,Imported,Confirmed
380,24/03/2020,18/03/2020,M,42,Ruttonjee Hospital,Hospitalised,HK resident,Imported,Confirmed
381,24/03/2020,18/03/2020,F,15,Prince of Wales Hospital,Hospitalised,HK resident,Imported,Confirmed
382,24/03/2020,02/03/2020,F,26,Tuen Mun Hospital,Hospitalised,HK resident,Imported,Confirmed
383,24/03/2020,22/03/2020,F,39,Alice Ho Miu Ling Nethersole Hospital,Hospitalised,HK resident,Imported,Confirmed
384,24/03/2020,23/03/2020,F,26,Queen Mary Hospital,Hospitalised,HK resident,Close contact of local case,Confirmed
385,24/03/2020,17/03/2020,M,50,Tseung Kwan O Hospital,Hospitalised,HK resident,Possibly local,Confirmed
386,24/03/2020,21/03/2020,M,48,Princess Margaret Hospital,Hospitalised,HK resident,Close contact of local case,Confirmed
387,24/03/2020,22/03/2020,M,38,Queen Elizabeth Hospital,Hospitalised,HK resident,Close contact of local case,Confirmed
388,25/03/2020,22/03/2020,M,36,United Christian Hospital,Hospitalised,HK resident,Local case,Confirmed
389,25/03/2020,21/03/2020,M,43,Tuen Mun Hospital,Hospitalised,HK resident,Close contact of local case,Confirmed
390,25/03/2020,22/03/2020,F,30,Ruttonjee Hospital,Hospitalised,HK resident,Possibly local,Confirmed
391,25/03/2020,19/03/2020,F,57,Pok Oi Hospital,Hospitalised,HK resident,Close contact of local case,Confirmed
392,25/03/2020,20/03/2020,F,33,Yan Chai Hospital,Hospitalised,HK resident,Possibly local,Confirmed
393,25/03/2020,12/03/2020,F,18,Prince of Wales Hospital,Hospitalised,HK resident,Imported,Confirmed
394,25/03/2020,10/03/2020,M,28,North District Hospital,Hospitalised,HK resident,Local case,Confirmed
395,25/03/2020,21/03/2020,F,29,Tuen Mun Hospital,Hospitalised,HK resident,Close contact of local case,Confirmed
396,25/03/2020,19/03/2020,M,28,United Christian Hospital,Hospitalised,HK resident,Imported,Confirmed
397,25/03/2020,22/03/2020,F,48,Princess Margaret Hospital,Hospitalised,HK resident,Imported,Confirmed
398,25/03/2020,23/03/2020,M,16,Queen Elizabeth Hospital,Hospitalised,HK resident,Imported,Confirmed
399,25/03/2020,09/03/2020,F,21,United Christian Hospital,Hospitalised,HK resident,Imported,Confirmed
400,25/03/2020,Asymptomatic,M,11,Queen Elizabeth Hospital,Hospitalised,HK resident,Imported,Confirmed
401,25/03/2020,Asymptomatic,F,51,Queen Elizabeth Hospital,Hospitalised,HK resident,Imported,Confirmed
402,25/03/2020,13/03/2020,M,26,Ruttonjee Hospital,Hospitalised,HK resident,Imported,Confirmed
403,25/03/2020,23/03/2020,M,45,Queen Elizabeth Hospital,Hospitalised,HK resident,Imported,Confirmed
404,25/03/2020,23/03/2020,F,50,Ruttonjee Hospital,Hospitalised,HK resident,Imported,Confirmed
405,25/03/2020,20/03/2020,M,41,Queen Elizabeth Hospital,Hospitalised,HK resident,Possibly local,Confirmed
406,25/03/2020,23/03/2020,M,50,Queen Mary Hospital,Hospitalised,HK resident,Possibly local,Confirmed
407,25/03/2020,17/03/2020,F,20,Pamela Youde Nethersole Eastern Hospital,Hospitalised,HK resident,Imported,Confirmed
408,25/03/2020,24/03/2020,F,18,North District Hospital,Hospitalised,HK resident,Imported,Confirmed
409,25/03/2020,16/03/2020,M,20,Kwong Wah Hospital,Hospitalised,HK resident,Imported,Confirmed
410,25/03/2020,17/03/2020,M,36,Queen Mary Hospital,Hospitalised,Non-HK resident,Imported,Confirmed
411,25/03/2020,20/03/2020,M,38,Tuen Mun Hospital,Hospitalised,Non-HK resident,Close contact of local case,Confirmed
412,26/03/2020,20/03/2020,F,32,United Christian Hospital,Hospitalised,Unknown,Possibly local,Confirmed
413,26/03/2020,23/03/2020,F,48,Tuen Mun Hospital,Hospitalised,HK resident,Close contact of local case,Confirmed
414,26/03/2020,22/03/2020,M,46,Princess Margaret Hospital,Hospitalised,HK resident,Local case,Confirmed
415,26/03/2020,16/03/2020,F,47,Queen Elizabeth Hospital,Hospitalised,HK resident,Possibly local,Confirmed
416,26/03/2020,Asymptomatic,M,20,Alice Ho Miu Ling Nethersole Hospital,Hospitalised,HK resident,Imported,Confirmed
417,26/03/2020,17/03/2020,M,65,United Christian Hospital,Hospitalised,HK resident,Imported,Confirmed
418,26/03/2020,21/03/2020,F,20,Kwong Wah Hospital,Hospitalised,HK resident,Imported,Confirmed
419,26/03/2020,25/03/2020,F,20,Pamela Youde Nethersole Eastern Hospital,Hospitalised,HK resident,Imported,Confirmed
420,26/03/2020,18/03/2020,F,27,Queen Mary Hospital,Hospitalised,HK resident,Imported,Confirmed
421,26/03/2020,22/03/2020,M,25,Caritas Medical Centre,Hospitalised,HK resident,Imported,Confirmed
422,26/03/2020,23/03/2020,M,31,Pamela Youde Nethersole Eastern Hospital,Hospitalised,HK resident,Close contact of local case,Confirmed
423,26/03/2020,24/03/2020,M,36,Ruttonjee Hospital,Hospitalised,HK resident,Possibly local,Confirmed
424,26/03/2020,24/03/2020,M,18,Princess Margaret Hospital,Hospitalised,HK resident,Imported,Confirmed
425,26/03/2020,21/03/2020,M,18,North Lantau Hospital,Hospitalised,HK resident,Imported,Confirmed
426,26/03/2020,23/03/2020,F,19,North District Hospital,Hospitalised,HK resident,Imported,Confirmed
427,26/03/2020,25/03/2020,F,74,Tuen Mun Hospital,Hospitalised,Non-HK resident,Imported,Confirmed
428,26/03/2020,24/03/2020,F,22,Caritas Medical Centre,Hospitalised,HK resident,Close contact of local case,Confirmed
429,26/03/2020,20/03/2020,F,48,Yan Chai Hospital,Hospitalised,HK resident,Close contact of local case,Confirmed
430,26/03/2020,22/03/2020,F,19,Queen Elizabeth Hospital,Hospitalised,HK resident,Imported,Confirmed
431,26/03/2020,23/03/2020,M,20,North District Hospital,Hospitalised,HK resident,Imported,Confirmed
432,26/03/2020,24/03/2020,M,39,Kwong Wah Hospital,Hospitalised,HK resident,Close contact of local case,Confirmed
433,26/03/2020,21/03/2020,M,47,North District Hospital,Hospitalised,HK resident,Close contact of local case,Confirmed
434,26/03/2020,17/03/2020,F,30,Ruttonjee Hospital,Hospitalised,HK resident,Close contact of local case,Confirmed
435,26/03/2020,13/03/2020,F,44,Pamela Youde Nethersole Eastern Hospital,Hospitalised,HK resident,Imported,Confirmed
436,26/03/2020,18/03/2020,F,23,Tuen Mun Hospital,Hospitalised,HK resident,Imported,Confirmed
437,26/03/2020,17/03/2020,F,27,Tuen Mun Hospital,Hospitalised,HK resident,Close contact of local case,Confirmed
438,26/03/2020,20/03/2020,F,42,Princess Margaret Hospital,Hospitalised,HK resident,Possibly local,Confirmed
439,26/03/2020,24/03/2020,F,19,Pamela Youde Nethersole Eastern Hospital,Hospitalised,HK resident,Imported,Confirmed
440,26/03/2020,22/03/2020,M,40,Ruttonjee Hospital,Hospitalised,HK resident,Close contact of local case,Confirmed
441,26/03/2020,17/03/2020,F,30,Queen Elizabeth Hospital,Hospitalised,HK resident,Imported,Confirmed
442,26/03/2020,23/03/2020,M,58,Pamela Youde Nethersole Eastern Hospital,Hospitalised,HK resident,Close contact of local case,Confirmed
443,26/03/2020,25/03/2020,M,78,Tuen Mun Hospital,Hospitalised,Non-HK resident,Imported,Confirmed
444,26/03/2020,20/03/2020,F,63,Pamela Youde Nethersole Eastern Hospital,Hospitalised,HK resident,Imported,Confirmed
445,26/03/2020,17/03/2020,F,26,Prince of Wales Hospital,Hospitalised,HK resident,Imported,Confirmed
446,26/03/2020,23/03/2020,M,21,Queen Elizabeth Hospital,Hospitalised,HK resident,Imported,Confirmed
447,26/03/2020,24/03/2020,F,37,Queen Elizabeth Hospital,Hospitalised,HK resident,Close contact of local case,Confirmed
448,26/03/2020,23/03/2020,M,20,Tseung Kwan O Hospital,Hospitalised,HK resident,Imported,Confirmed
449,26/03/2020,19/03/2020,F,19,North District Hospital,Hospitalised,HK resident,Imported,Confirmed
450,26/03/2020,25/03/2020,F,38,Queen Elizabeth Hospital,Hospitalised,HK resident,Close contact of local case,Confirmed
451,26/03/2020,19/03/2020,F,30,Queen Mary Hospital,Hospitalised,HK resident,Imported,Confirmed
452,26/03/2020,14/03/2020,M,25,Queen Mary Hospital,Hospitalised,HK resident,Imported,Confirmed
453,26/03/2020,11/03/2020,F,50,Queen Mary Hospital,Hospitalised,HK resident,Close contact of local case,Confirmed
454,26/03/2020,20/03/2020,M,32,United Christian Hospital,Hospitalised,HK resident,Imported,Confirmed
455,27/03/2020,15/03/2020,M,33,Tuen Mun Hospital,Hospitalised,HK resident,Imported,Confirmed
456,27/03/2020,15/03/2020,M,62,United Christian Hospital,Hospitalised,HK resident,Imported,Confirmed
457,27/03/2020,19/03/2020,M,45,Alice Ho Miu Ling Nethersole Hospital,Hospitalised,HK resident,Imported,Confirmed
458,27/03/2020,23/03/2020,F,25,Kwong Wah Hospital,Hospitalised,HK resident,Close contact of local case,Confirmed
459,27/03/2020,19/03/2020,M,23,Kwong Wah Hospital,Hospitalised,HK resident,Imported,Confirmed
460,27/03/2020,24/03/2020,F,56,Princess Margaret Hospital,Hospitalised,HK resident,Imported,Confirmed
461,27/03/2020,23/03/2020,M,60,Princess Margaret Hospital,Hospitalised,HK resident,Imported,Confirmed
462,27/03/2020,23/03/2020,F,34,United Christian Hospital,Hospitalised,HK resident,Close contact of local case,Confirmed
463,27/03/2020,23/03/2020,F,51,Tuen Mun Hospital,Hospitalised,HK resident,Possibly local,Confirmed
464,27/03/2020,20/03/2020,M,61,Tuen Mun Hospital,Hospitalised,HK resident,Imported,Confirmed
465,27/03/2020,19/03/2020,F,56,Queen Mary Hospital,Hospitalised,HK resident,Imported,Confirmed
466,27/03/2020,22/03/2020,M,36,Tuen Mun Hospital,Hospitalised,HK resident,Close contact of local case,Confirmed
467,27/03/2020,26/03/2020,M,48,Ruttonjee Hospital,Hospitalised,HK resident,Possibly local,Confirmed
468,27/03/2020,26/03/2020,F,15,Princess Margaret Hospital,Hospitalised,HK resident,Imported,Confirmed
469,27/03/2020,Asymptomatic,M,24,United Christian Hospital,Hospitalised,HK resident,Imported,Confirmed
470,27/03/2020,21/03/2020,F,18,Queen Elizabeth Hospital,Hospitalised,HK resident,Imported,Confirmed
471,27/03/2020,24/03/2020,M,19,Tuen Mun Hospital,Hospitalised,HK resident,Imported,Confirmed
472,27/03/2020,14/03/2020,M,22,Tuen Mun Hospital,Hospitalised,HK resident,Imported,Confirmed
473,27/03/2020,25/03/2020,F,23,Tuen Mun Hospital,Hospitalised,HK resident,Imported,Confirmed
474,27/03/2020,21/03/2020,F,26,North District Hospital,Hospitalised,HK resident,Imported,Confirmed
475,27/03/2020,Asymptomatic,F,33,Tseung Kwan O Hospital,Hospitalised,HK resident,Close contact of imported case,Confirmed
476,27/03/2020,13/03/2020,M,47,Prince of Wales Hospital,Hospitalised,HK resident,Possibly local,Confirmed
477,27/03/2020,22/03/2020,F,52,Ruttonjee Hospital,Hospitalised,HK resident,Close contact of local case,Confirmed
478,27/03/2020,21/03/2020,F,22,Tseung Kwan O Hospital,Hospitalised,HK resident,Imported,Confirmed
479,27/03/2020,19/03/2020,M,71,Princess Margaret Hospital,Hospitalised,HK resident,Imported,Confirmed
480,27/03/2020,23/03/2020,F,52,Princess Margaret Hospital,Hospitalised,HK resident,Imported,Confirmed
481,27/03/2020,Asymptomatic,M,31,Princess Margaret Hospital,Hospitalised,HK resident,Close contact of local case,Confirmed
482,27/03/2020,20/03/2020,F,17,Princess Margaret Hospital,Hospitalised,HK resident,Imported,Confirmed
483,27/03/2020,18/03/2020,F,41,Tuen Mun Hospital,Hospitalised,HK resident,Close contact of local case,Confirmed
484,27/03/2020,20/03/2020,F,34,Queen Mary Hospital,Hospitalised,HK resident,Close contact of local case,Confirmed
485,27/03/2020,22/03/2020,F,18,Queen Elizabeth Hospital,Hospitalised,HK resident,Imported,Confirmed
486,27/03/2020,Asymptomatic,F,21,Alice Ho Miu Ling Nethersole Hospital,Hospitalised,HK resident,Imported,Confirmed
487,27/03/2020,Asymptomatic,M,39,Pamela Youde Nethersole Eastern Hospital,Hospitalised,Non-HK resident,Imported,Confirmed
488,27/03/2020,Asymptomatic,F,19,Queen Mary Hospital,Hospitalised,HK resident,Imported,Confirmed
489,27/03/2020,26/03/2020,F,23,Tuen Mun Hospital,Hospitalised,HK resident,Imported,Confirmed
490,27/03/2020,26/03/2020,M,27,Tuen Mun Hospital,Hospitalised,HK resident,Imported,Confirmed
491,27/03/2020,Asymptomatic,F,15,Queen Elizabeth Hospital,Hospitalised,HK resident,Imported,Confirmed
492,27/03/2020,24/03/2020,F,50,Tuen Mun Hospital,Hospitalised,HK resident,Possibly local,Confirmed
493,27/03/2020,Asymptomatic,F,50,Kwong Wah Hospital,Hospitalised,HK resident,Possibly local,Confirmed
494,27/03/2020,Asymptomatic,M,18,Queen Elizabeth Hospital,Hospitalised,HK resident,Imported,Confirmed
495,27/03/2020,Asymptomatic,F,31,Princess Margaret Hospital,Hospitalised,HK resident,Possibly local,Confirmed
496,27/03/2020,23/03/2020,M,17,Queen Mary Hospital,Hospitalised,HK resident,Imported,Confirmed
497,27/03/2020,26/03/2020,F,27,Queen Elizabeth Hospital,Hospitalised,HK resident,Close contact of local case,Confirmed
498,27/03/2020,24/03/2020,F,58,Queen Elizabeth Hospital,Hospitalised,HK resident,Close contact of local case,Confirmed
499,27/03/2020,21/03/2020,M,48,Queen Elizabeth Hospital,Hospitalised,HK resident,Close contact of local case,Confirmed
500,27/03/2020,24/03/2020,F,18,Pamela Youde Nethersole Eastern Hospital,Hospitalised,HK resident,Imported,Confirmed
501,27/03/2020,22/03/2020,M,35,Pamela Youde Nethersole Eastern Hospital,Hospitalised,HK resident,Close contact of local case,Confirmed
502,27/03/2020,16/03/2020,M,42,United Christian Hospital,Hospitalised,HK resident,Imported,Confirmed
503,27/03/2020,January,M,12,United Christian Hospital,Hospitalised,HK resident,Imported,Confirmed
504,27/03/2020,25/03/2020,F,62,Tuen Mun Hospital,Hospitalised,HK resident,Close contact of local case,Confirmed
505,27/03/2020,12/03/2020,M,23,United Christian Hospital,Hospitalised,HK resident,Imported,Confirmed
506,27/03/2020,19/03/2020,F,18,Tuen Mun Hospital,Hospitalised,HK resident,Imported,Confirmed
507,27/03/2020,25/03/2020,F,49,Prince of Wales Hospital,Hospitalised,HK resident,Possibly local,Confirmed
508,27/03/2020,23/03/2020,F,48,Queen Mary Hospital,Hospitalised,HK resident,Imported,Confirmed
509,27/03/2020,24/03/2020,F,40,Prince of Wales Hospital,Hospitalised,HK resident,Close contact of local case,Confirmed
510,27/03/2020,Asymptomatic,F,62,Tseung Kwan O Hospital,Hospitalised,HK resident,Close contact of local case,Confirmed
511,27/03/2020,26/03/2020,F,37,Prince of Wales Hospital,Hospitalised,HK resident,Close contact of local case,Confirmed
512,27/03/2020,25/03/2020,F,23,North District Hospital,Hospitalised,HK resident,Close contact of local case,Confirmed
513,27/03/2020,24/03/2020,M,36,Pending,Pending admission,HK resident,Close contact of local case,Confirmed
514,27/03/2020,24/03/2020,M,45,United Christian Hospital,Hospitalised,HK resident,Close contact of local case,Confirmed
515,27/03/2020,25/03/2020,M,30,United Christian Hospital,Hospitalised,HK resident,Close contact of local case,Confirmed
516,27/03/2020,25/03/2020,F,38,Prince of Wales Hospital,Pending admission,HK resident,Local case,Confirmed
517,27/03/2020,26/03/2020,F,30,Queen Elizabeth Hospital,Hospitalised,HK resident,Close contact of local case,Confirmed
518,27/03/2020,13/03/2020,M,20,United Christian Hospital,Hospitalised,HK resident,Imported,Confirmed
519,27/03/2020,24/03/2020,M,37,Kwong Wah Hospital,Hospitalised,HK resident,Close contact of local case,Confirmed
520,28/03/2020,19/03/2020,F,35,Queen Elizabeth Hospital,Hospitalised,HK resident,Imported,Confirmed
521,28/03/2020,26/03/2020,F,56,Prince of Wales Hospital,Hospitalised,Unknown,Imported,Confirmed
522,28/03/2020,21/03/2020,F,38,Pamela Youde Nethersole Eastern Hospital,Hospitalised,HK resident,Imported,Confirmed
523,28/03/2020,22/03/2020,M,38,North District Hospital,Hospitalised,HK resident,Imported,Confirmed
524,28/03/2020,25/03/2020,M,56,United Christian Hospital,Hospitalised,HK resident,Close contact of local case,Confirmed
525,28/03/2020,24/03/2020,M,63,Ruttonjee Hospital,Hospitalised,Unknown,Close contact of local case,Confirmed
526,28/03/2020,22/03/2020,F,52,Yan Chai Hospital,Hospitalised,HK resident,Close contact of local case,Confirmed
527,28/03/2020,22/03/2020,M,48,Prince of Wales Hospital,Hospitalised,HK resident,Imported,Confirmed
528,28/03/2020,20/03/2020,F,29,Ruttonjee Hospital,Hospitalised,HK resident,Possibly local,Confirmed
529,28/03/2020,Asymptomatic,M,41,Pending admission,Pending admission,HK resident,Imported,Confirmed
530,28/03/2020,15/03/2020,M,60,Princess Margaret Hospital,Hospitalised,HK resident,Imported,Confirmed
531,28/03/2020,Asymptomatic,F,42,Pending admission,Pending admission,HK resident,Close contact of local case,Confirmed
532,28/03/2020,20/03/2020,M,19,Yan Chai Hospital,Hospitalised,HK resident,Imported,Confirmed
533,28/03/2020,20/03/2020,F,25,Queen Mary Hospital,Hospitalised,HK resident,Local case,Confirmed
534,28/03/2020,21/03/2020,M,24,United Christian Hospital,Hospitalised,HK resident,Possibly local,Confirmed
535,28/03/2020,19/03/2020,F,28,Pending admission,Pending admission,HK resident,Possibly local,Confirmed
536,28/03/2020,15/03/2020,F,31,Prince of Wales Hospital,Hospitalised,HK resident,Possibly local,Confirmed
537,28/03/2020,Asymptomatic,F,20,Pending admission,Pending admission,HK resident,Imported,Confirmed
538,28/03/2020,Asymptomatic,M,39,Prince of Wales Hospital,Hospitalised,HK resident,Imported,Confirmed
539,28/03/2020,Asymptomatic,M,19,Alice Ho Miu Ling Nethersole Hospital,Hospitalised,HK resident,Imported,Confirmed
540,28/03/2020,26/03/2020,M,18,Pamela Youde Nethersole Eastern Hospital,Hospitalised,HK resident,Imported,Confirmed
541,28/03/2020,10/03/2020,F,17,Prince of Wales Hospital,Hospitalised,HK resident,Imported,Confirmed
542,28/03/2020,Asymptomatic,M,18,Pending admission,Pending admission,HK resident,Imported,Confirmed
543,28/03/2020,Asymptomatic,M,25,Pending admission,Pending admission,HK resident,Imported,Confirmed
544,28/03/2020,Asymptomatic,M,20,Pending admission,Pending admission,HK resident,Imported,Confirmed
545,28/03/2020,27/03/2020,M,19,Pending admission,Pending admission,HK resident,Imported,Confirmed
546,28/03/2020,Asymptomatic,F,23,Pending admission,Pending admission,HK resident,Imported,Confirmed
547,28/03/2020,Asymptomatic,M,18,Alice Ho Miu Ling Nethersole Hospital,Hospitalised,HK resident,Imported,Confirmed
548,28/03/2020,Asymptomatic,M,16,Alice Ho Miu Ling Nethersole Hospital,Hospitalised,HK resident,Imported,Confirmed
549,28/03/2020,25/03/2020,M,16,Alice Ho Miu Ling Nethersole Hospital,Hospitalised,HK resident,Imported,Confirmed
550,28/03/2020,Asymptomatic,F,18,Pending admission,Pending admission,HK resident,Imported,Confirmed
551,28/03/2020,Asymptomatic,M,20,Pending admission,Pending admission,HK resident,Imported,Confirmed
552,28/03/2020,27/03/2020,F,20,Pending admission,Pending admission,HK resident,Imported,Confirmed
553,28/03/2020,27/03/2020,M,20,Pamela Youde Nethersole Eastern Hospital,Hospitalised,HK resident,Imported,Confirmed
554,28/03/2020,Asymptomatic,F,21,Pending admission,Pending admission,HK resident,Imported,Confirmed
555,28/03/2020,11/03/2020,M,23,Pending admission,Pending admission,HK resident,Imported,Confirmed
556,28/03/2020,16/03/2020,F,22,Pending admission,Pending admission,HK resident,Imported,Confirmed
557,28/03/2020,17/03/2020,M,19,Queen Elizabeth Hospital,Hospitalised,Unknown,Imported,Confirmed
558,28/03/2020,23/03/2020,F,20,Pending admission,Pending admission,HK resident,Imported,Confirmed
559,28/03/2020,15/03/2020,F,19,Pending admission,Pending admission,HK resident,Imported,Confirmed
560,28/03/2020,25/03/2020,M,20,Pending admission,Pending admission,HK resident,Imported,Confirmed
561,28/03/2020,12/03/2020,F,67,Tuen Mun Hospital,Hospitalised,HK resident,Imported,Confirmed
562,28/03/2020,26/03/2020,M,25,United Christian Hospital,Hospitalised,HK resident,Local case,Confirmed
563,28/03/2020,24/03/2020,M,27,Queen Mary Hospital,Hospitalised,HK resident,Local case,Confirmed
564,28/03/2020,23/03/2020,M,33,Pending admission,Pending admission,HK resident,Local case,Confirmed
565,28/03/2020,26/03/2020,M,66,Prince of Wales Hospital,Hospitalised,HK resident,Imported,Confirmed
566,28/03/2020,26/03/2020,M,31,Queen Mary Hospital,Hospitalised,HK resident,Local case,Confirmed
567,28/03/2020,25/03/2020,M,21,Kwong Wah Hospital,Hospitalised,HK resident,Local case,Confirmed
568,28/03/2020,24/03/2020,M,26,United Christian Hospital,Hospitalised,HK resident,Imported,Confirmed
569,28/03/2020,25/03/2020,F,61,United Christian Hospital,Hospitalised,HK resident,Imported,Confirmed
570,28/03/2020,26/03/2020,M,15,United Christian Hospital,Hospitalised,HK resident,Imported,Confirmed
571,28/03/2020,15/03/2020,F,76,Ruttonjee Hospital,Hospitalised,Unknown,Imported,Confirmed
572,28/03/2020,18/03/2020,M,56,Pamela Youde Nethersole Eastern Hospital,Hospitalised,HK resident,Imported,Confirmed
573,28/03/2020,22/03/2020,M,65,United Christian Hospital,Hospitalised,HK resident,Close contact of local case,Confirmed
574,28/03/2020,26/03/2020,M,56,Tseung Kwan O Hospital,Hospitalised,HK resident,Imported,Confirmed
575,28/03/2020,22/03/2020,M,31,Queen Mary Hospital,Hospitalised,HK resident,Close contact of local case,Confirmed
576,28/03/2020,24/03/2020,M,36,Queen Mary Hospital,Hospitalised,HK resident,Close contact of local case,Confirmed
577,28/03/2020,26/03/2020,M,15,Queen Mary Hospital,Hospitalised,HK resident,Close contact of local case,Confirmed
578,28/03/2020,27/03/2020,M,7,Queen Mary Hospital,Hospitalised,Unknown,Close contact of local case,Confirmed
579,28/03/2020,26/03/2020,F,34,Queen Mary Hospital,Hospitalised,HK resident,Close contact of local case,Confirmed
580,28/03/2020,21/03/2020,F,26,Pok Oi Hospital,Hospitalised,HK resident,Imported,Confirmed
581,28/03/2020,24/03/2020,M,42,Tuen Mun Hospital,Hospitalised,HK resident,Close contact of local case,Confirmed
582,28/03/2020,25/03/2020,F,31,Tuen Mun Hospital,Hospitalised,HK resident,Imported,Confirmed
583,28/03/2020,27/03/2020,M,19,Tuen Mun Hospital,Hospitalised,HK resident,Imported,Confirmed
584,29/03/2020,19/03/2020,M,63,Pending,Pending admission,HK resident,Possibly local,Confirmed
585,29/03/2020,23/03/2020,F,28,Pending,Pending admission,HK resident,Local case,Confirmed
586,29/03/2020,21/03/2020,M,38,Pending,Pending admission,HK resident,Local case,Confirmed
587,29/03/2020,14/03/2020,F,29,Pending,Pending admission,Unknown,Imported,Confirmed
588,29/03/2020,26/03/2020,M,29,Pending,Pending admission,Unknown,Imported,Confirmed
589,29/03/2020,Asymptomatic,F,21,Pending,Pending admission,Unknown,Imported,Confirmed
590,29/03/2020,Asymptomatic,F,56,Pending,Pending admission,HK resident,Imported,Confirmed
591,29/03/2020,Asymptomatic,F,15,Alice Ho Miu Ling Nethersole Hospital,Hospitalised,HK resident,Imported,Confirmed
592,29/03/2020,Asymptomatic,F,14,Pending,Pending admission,HK resident,Imported,Confirmed
593,29/03/2020,Asymptomatic,M,20,Pending,Pending admission,Unknown,Imported,Confirmed
594,29/03/2020,Asymptomatic,M,16,Pending,Pending admission,HK resident,Imported,Confirmed
595,29/03/2020,24/03/2020,F,75,Pending,Pending admission,HK resident,Imported,Confirmed
596,29/03/2020,Asymptomatic,F,66,Pending,Pending admission,Unknown,Close contact of possibly local case,Confirmed
597,29/03/2020,19/03/2020,M,21,Pending,Pending admission,HK resident,Imported,Confirmed
598,29/03/2020,Asymptomatic,M,17,Pending,Pending admission,Unknown,Imported,Confirmed
599,29/03/2020,25/03/2020,F,62,North District Hospital,Hospitalised,HK resident,Imported,Confirmed
600,29/03/2020,23/03/2020,M,23,Pending,Pending admission,HK resident,Imported,Confirmed
601,29/03/2020,Asymptomatic,M,19,Pending,Pending admission,HK resident,Imported,Confirmed
602,29/03/2020,25/03/2020,M,19,Pending,Pending admission,HK resident,Imported,Confirmed
603,29/03/2020,22/03/2020,M,16,Princess Margaret Hospital,Hospitalised,HK resident,Imported,Confirmed
604,29/03/2020,27/03/2020,M,38,Pending,Pending admission,HK resident,Imported,Confirmed
605,29/03/2020,19/03/2020,M,19,Pending,Pending admission,HK resident,Imported,Confirmed
606,29/03/2020,Asymptomatic,M,28,Pending,Pending admission,HK resident,Imported,Confirmed
607,29/03/2020,Asymptomatic,M,46,Pending,Pending admission,HK resident,Imported,Confirmed
608,29/03/2020,21/03/2020,F,27,Pending,Pending admission,HK resident,Possibly local,Confirmed
609,29/03/2020,Asymptomatic,F,21,Pending,Pending admission,HK resident,Close contact of possibly local case,Confirmed
610,29/03/2020,23/03/2020,F,35,Pending,Pending admission,HK resident,Local case,Confirmed
611,29/03/2020,24/03/2020,F,56,Pending,Pending admission,HK resident,Local case,Confirmed
612,29/03/2020,26/03/2020,F,11,Pamela Youde Nethersole Eastern Hospital,Hospitalised,HK resident,Close contact of imported case,Confirmed
613,29/03/2020,26/03/2020,M,14,Pamela Youde Nethersole Eastern Hospital,Hospitalised,HK resident,Imported,Confirmed
614,29/03/2020,27/03/2020,M,31,Pamela Youde Nethersole Eastern Hospital,Hospitalised,HK resident,Close contact of local case,Confirmed
615,29/03/2020,23/03/2020,F,28,Pamela Youde Nethersole Eastern Hospital,Hospitalised,HK resident,Close contact of local case,Confirmed
616,29/03/2020,24/03/2020,M,20,Ruttonjee Hospital,Hospitalised,HK resident,Imported,Confirmed
617,29/03/2020,24/03/2020,F,31,Pamela Youde Nethersole Eastern Hospital,Hospitalised,HK resident,Imported,Confirmed
618,29/03/2020,17/03/2020,M,29,Pending,Pending admission,HK resident,Local case,Confirmed
619,29/03/2020,23/03/2020,F,58,Alice Ho Miu Ling Nethersole Hospital,Hospitalised,HK resident,Imported,Confirmed
620,29/03/2020,23/03/2020,M,58,Alice Ho Miu Ling Nethersole Hospital,Hospitalised,HK resident,Imported,Confirmed
621,29/03/2020,25/03/2020,M,59,Pending,Pending admission,HK resident,Possibly local,Confirmed
622,29/03/2020,27/03/2020,F,47,Pamela Youde Nethersole Eastern Hospital,Hospitalised,HK resident,Close contact of imported case,Confirmed
623,29/03/2020,25/03/2020,F,38,Caritas Medical Centre,Hospitalised,HK resident,Possibly local,Confirmed
624,29/03/2020,25/03/2020,M,47,Princess Margaret Hospital,Hospitalised,HK resident,Imported,Confirmed
625,29/03/2020,24/03/2020,M,51,Princess Margaret Hospital,Hospitalised,HK resident,Close contact of local case,Confirmed
626,29/03/2020,Asymptomatic,M,37,Pending,Pending admission,HK resident,Close contact of local case,Confirmed
627,29/03/2020,Asymptomatic,F,67,Pending,Pending admission,HK resident,Close contact of local case,Confirmed
628,29/03/2020,27/03/2020,F,21,Pamela Youde Nethersole Eastern Hospital,Hospitalised,HK resident,Imported,Confirmed
629,29/03/2020,26/03/2020,M,36,United Christian Hospital,Hospitalised,HK resident,Imported,Confirmed
630,29/03/2020,28/03/2020,M,32,Tuen Mun Hospital,Hospitalised,Unknown,Close contact of local case,Confirmed
631,29/03/2020,27/03/2020,F,49,Queen Mary Hospital,Hospitalised,HK resident,Imported,Confirmed
632,29/03/2020,Asymptomatic,M,77,Pok Oi Hospital,Hospitalised,Unknown,Close contact of local case,Confirmed
633,29/03/2020,21/03/2020,F,74,Tuen Mun Hospital,Hospitalised,Unknown,Possibly local,Confirmed
634,29/03/2020,27/03/2020,F,48,Tuen Mun Hospital,Hospitalised,Unknown,Imported,Confirmed
635,29/03/2020,26/03/2020,F,40,Pending,Pending admission,HK resident,Close contact of local case,Confirmed
636,29/03/2020,28/03/2020,F,21,Tuen Mun Hospital,Hospitalised,HK resident,Imported,Confirmed
637,29/03/2020,24/03/2020,M,28,Queen Elizabeth Hospital,Hospitalised,HK resident,Local case,Confirmed
638,29/03/2020,26/03/2020,M,39,Queen Elizabeth Hospital,Hospitalised,HK resident,Close contact of local case,Confirmed
639,29/03/2020,27/03/2020,F,21,United Christian Hospital,Hospitalised,HK resident,Imported,Confirmed
640,29/03/2020,22/03/2020,F,23,Pending,Pending admission,Unknown,Imported,Confirmed
641,29/03/2020,26/03/2020,M,34,Princess Margaret Hospital,Hospitalised,HK resident,Imported,Confirmed
642,29/03/2020,17/03/2020,F,23,United Christian Hospital,Hospitalised,HK resident,Imported,Confirmed